{
    "bounds": {
        "north": 50.122532,
        "east": 14.418483,
        "south": 50.110809,
        "west": 14.392734
    },
    "minZoom": 16,
    "maxZoom": 18,
    "mbtilesName": "zoo_prague_map"
}